"id","name","password","created_at","updated_at"
1,"masato",,,
2,"ichiro",,,
3,"tom",,,
4,"ヤマモト","$2y$10$Yq/kGT3rXhxvag.Rowcbw.M0z.J2jjb2czDi03Z1HtFv199GlytXC",,
5,"No name2","$2y$10$7/i903lcyjZslf7dTVgpmu1ogxBlNVNtgccEgw8YmsLInOUq202NG",,
6,"No name2","$2y$10$lBJ.w4z8l0jK1g2LGfEg3O6ydA0cLbjSVIv8luVokhaAj8tgiiZpi",,
7,"ヤマモト","$2y$10$Ff.pdXVduJimwPI8Y/Sgj.pkS1nOfwcLa3ztSeeECvGYvFCSYYoHK",,
8,"小島秀夫","$2y$10$fwyJHDAUTfz/pw1fjEZrNOvQBF2mGHdO1dk7uCNnlXjqGczJgZph.",,
9,"aaa","$2y$10$TmxMFIoPTgaKcRDFsJ44t.248M1vuHqkoo51s9WbHf0h5N0YE.rN2",,
10,"good","$2y$10$Cfqet1oJKJY2c03bT8uPW.hJnVUk3uBC52ZoImIaTMzOnRt8THrxW",,
11,"アルバイン","$2y$10$NSeoSddN6iRtgBctfM5YoeoFboifx4NXcbSvqZ8dwFoJFUnYIHNGK",,
12,"まさと","$2y$10$iopCAo026AOWBOFH5NL4C.1X1YHw77F5EiQrbQV0YKY9x.zaozV42",,
13,"masato","$2y$10$B9Fze9cFVIM2vh3TQR8vV.Zz50Az9Gll4hkF4utxsEEasPmBoF.kO",,
14,"kenkiくん","$2y$10$sqd8xrOfjiPq.yjL8rK9QOWSRUc7j4nn5rM6vxLVYsxuEAdNC5Ynu",,
15,"masato","$2y$10$i0lJmLxwT/.6wV4Bwrotmu2ilqDJVQ0kAcHqCfXJNmJ2c8c7kW7iC",,
16,"ヤマモトa","$2y$10$mLF8ru1Nu0fnS2ZzgySXue2gDF8m7iqZBk1Dmif/Sjruofg8k77fO",,
17,"test","$2y$10$2pJOb5jtyjwqLo5NsK9HMevvMTwVk2hTrKOmqJ5zc64nNaAZpma1y",,